datetime,source,link,title_len,summary_len
11/15/2025 4:31:22 PM,TipRanks,https://markets.businessinsider.com/news/stocks/nvda-vs-amd-vs-avgo-which-ai-chip-stock-is-the-best-pick-according-to-analysts-1035564843,82,472
11/15/2025 4:30:00 PM,TipRanks,https://markets.businessinsider.com/news/stocks/amd-vs-pltr-which-is-the-better-ai-stock-amid-a-macro-downturn-1035563979,65,551
11/15/2025 3:15:00 PM,TipRanks,https://markets.businessinsider.com/news/stocks/nvda-msft-googl-ray-dalio-s-bridgewater-loses-confidence-in-big-tech-trims-stakes-in-q3-1035564549,91,320
11/15/2025 1:58:04 PM,TipRanks,https://markets.businessinsider.com/news/stocks/should-you-buy-nvidia-stock-nvda-ahead-of-q3-earnings-1035561979,56,569
11/14/2025 10:54:15 PM,TipRanks,https://markets.businessinsider.com/news/stocks/nvda-msft-googl-ray-dalio-s-bridgewater-loses-confidence-in-big-tech-trims-stakes-in-q3-1035564549,91,320
11/14/2025 10:15:00 PM,TipRanks,https://markets.businessinsider.com/news/stocks/ai-analyst-is-bullish-on-nvidia-stock-nvda-ahead-of-q3-earnings-1035564522,65,575
11/14/2025 10:15:00 PM,TipRanks,https://markets.businessinsider.com/news/stocks/ai-analyst-is-bullish-on-nvidia-stock-nvda-ahead-of-q3-earnings-1035564522,65,575
11/14/2025 10:02:09 PM,TipRanks,https://markets.businessinsider.com/news/stocks/down-25-from-all-time-high-bitcoin-btc-has-entered-a-bear-market-1035564531,68,46
11/14/2025 10:02:09 PM,TipRanks,https://markets.businessinsider.com/news/stocks/down-25-from-all-time-high-bitcoin-btc-has-entered-a-bear-market-1035564531,68,46
11/14/2025 9:50:59 PM,TipRanks,https://markets.businessinsider.com/news/stocks/spy-etf-daily-update-11-14-2025-1035564515,32,196
11/14/2025 9:50:59 PM,TipRanks,https://markets.businessinsider.com/news/stocks/third-point-adds-norfolk-southern-cuts-apollo-in-q3-1035564516,52,821
11/14/2025 9:50:59 PM,TipRanks,https://markets.businessinsider.com/news/stocks/spy-etf-daily-update-11-14-2025-1035564515,32,196
11/14/2025 9:50:59 PM,TipRanks,https://markets.businessinsider.com/news/stocks/third-point-adds-norfolk-southern-cuts-apollo-in-q3-1035564516,52,821
11/14/2025 9:22:00 PM,TipRanks,https://markets.businessinsider.com/news/stocks/ahead-of-q3-earnings-let-s-look-at-who-owns-nvidia-stock-nvda-1035558192,64,397
11/14/2025 9:22:00 PM,TipRanks,https://markets.businessinsider.com/news/stocks/ahead-of-q3-earnings-let-s-look-at-who-owns-nvidia-stock-nvda-1035558192,64,397
11/14/2025 9:11:44 PM,TipRanks,https://markets.businessinsider.com/news/stocks/nvda-tsla-pltr-investor-margin-debt-has-risen-40-since-april-lows-1035564491,69,182
11/14/2025 9:11:44 PM,TipRanks,https://markets.businessinsider.com/news/stocks/nvda-tsla-pltr-investor-margin-debt-has-risen-40-since-april-lows-1035564491,69,182
11/14/2025 8:40:36 PM,TipRanks,https://markets.businessinsider.com/news/stocks/odds-on-prediction-markets-favor-nvidia-for-largest-market-cap-at-month-s-end-1035564449,78,233
11/14/2025 8:40:36 PM,TipRanks,https://markets.businessinsider.com/news/stocks/odds-on-prediction-markets-favor-nvidia-for-largest-market-cap-at-month-s-end-1035564449,78,233
11/14/2025 7:26:15 PM,TipRanks,https://markets.businessinsider.com/news/stocks/trump-weekly-president-set-to-cut-tariffs-on-beef-coffee-1035564396,58,194
11/14/2025 7:16:13 PM,TipRanks,https://markets.businessinsider.com/news/stocks/tiger-global-buys-netflix-exits-eli-lilly-in-q3-1035564380,48,921
11/14/2025 6:55:28 PM,TipRanks,https://markets.businessinsider.com/news/stocks/ai-daily-anthropic-says-chinese-hackers-use-company-ai-in-cyberattacks-1035564368,71,170
11/14/2025 6:20:54 PM,TipRanks,https://markets.businessinsider.com/news/stocks/this-billionaire-investor-bets-big-on-amd-and-nvidia-nvda-stocks-stays-bullish-on-banks-1035564348,90,332
11/14/2025 6:15:23 PM,TipRanks,https://markets.businessinsider.com/news/stocks/mixed-options-sentiment-in-nvidia-with-shares-up-1-37-1035564325,54,598
11/14/2025 5:25:49 PM,TipRanks,https://markets.businessinsider.com/news/stocks/da-davidson-technology-analysts-hold-an-analyst-industry-conference-call-1035564281,72,143
11/14/2025 5:13:07 PM,TipRanks,https://markets.businessinsider.com/news/stocks/wells-fargo-hikes-nvidia-stock-nvda-target-ahead-of-q3-earnings-cites-strong-ai-growth-outlook-1035564244,97,329
11/14/2025 4:17:25 PM,TipRanks,https://markets.businessinsider.com/news/stocks/nvda-meta-crwv-dan-ives-calls-ai-stock-selloff-a-mini-panic-1035564101,64,161
11/14/2025 4:15:51 PM,TipRanks,https://markets.businessinsider.com/news/stocks/private-markets-anthropic-to-invest-50b-in-computing-infrastructure-1035564104,69,173
11/14/2025 3:30:00 PM,TipRanks,https://markets.businessinsider.com/news/stocks/amd-vs-pltr-which-is-the-better-ai-stock-amid-a-macro-downturn-1035563979,65,551
11/14/2025 3:25:33 PM,TipRanks,https://markets.businessinsider.com/news/stocks/j-p-morgan-turns-cautious-on-coreweave-stock-crwv-after-q3-earnings-1035542656,70,302
11/14/2025 3:15:31 PM,TipRanks,https://markets.businessinsider.com/news/stocks/googl-nvda-tsla-cathie-wood-s-ark-invest-loads-up-on-mag-7-stocks-in-q3-1035563921,74,347
11/14/2025 3:07:28 PM,TipRanks,https://markets.businessinsider.com/news/stocks/should-you-buy-nvidia-stock-nvda-ahead-of-q3-earnings-1035561979,56,569
11/14/2025 2:47:00 PM,TipRanks,https://markets.businessinsider.com/news/stocks/vti-etf-daily-report-11-14-2025-1035563810,31,355
11/14/2025 2:01:17 PM,TipRanks,https://markets.businessinsider.com/news/stocks/notable-open-interest-changes-for-november-14th-1035563759,47,502
11/14/2025 1:50:22 PM,TipRanks,https://markets.businessinsider.com/news/stocks/top-morgan-stanley-analyst-expects-nvidia-s-strongest-results-in-q3-boosts-nvda-stock-target-1035563688,95,396
11/14/2025 1:40:51 PM,TipRanks,https://markets.businessinsider.com/news/stocks/smh-etf-news-fund-flow-statistics-11-14-25-1035563707,45,139
11/14/2025 1:15:57 PM,TipRanks,https://markets.businessinsider.com/news/stocks/wedbush-sticks-to-their-buy-rating-for-nvidia-nvda-1035563432,52,120
11/14/2025 11:55:13 AM,TipRanks,https://markets.businessinsider.com/news/stocks/nvidia-price-target-raised-to-265-from-220-at-wells-fargo-1035563067,59,462
11/14/2025 11:51:25 AM,TipRanks,https://markets.businessinsider.com/news/stocks/nvidia-price-target-raised-to-220-from-210-at-morgan-stanley-1035563075,62,633
11/14/2025 11:50:55 AM,TipRanks,https://markets.businessinsider.com/news/stocks/analysts-offer-insights-on-technology-companies-septerna-inc-sepn-applied-materials-amat-and-nvidia-nvda-1035563081,114,233
11/14/2025 11:05:37 AM,TipRanks,https://markets.businessinsider.com/news/stocks/amazon-microsoft-supportive-of-gain-ai-act-wsj-reports-1035562847,56,511
11/14/2025 9:05:39 AM,TipRanks,https://markets.businessinsider.com/news/stocks/nvidia-nvda-receives-a-buy-from-keybanc-1035562498,41,98
11/14/2025 8:15:56 AM,TipRanks,https://markets.businessinsider.com/news/stocks/amazon-microsoft-back-the-legislation-to-curb-nvidia-s-chip-exports-to-china-1035562029,77,454
11/14/2025 1:26:18 AM,TipRanks,https://markets.businessinsider.com/news/stocks/bright-outlook-ahead-says-top-mizuho-analyst-on-amd-stock-1035547904,60,291
11/14/2025 1:00:00 AM,TipRanks,https://markets.businessinsider.com/news/stocks/watch-nvda-ahead-of-q3-earnings-top-rated-susquehanna-analyst-lifts-nvidia-stock-target-to-230-1035560730,97,399
11/14/2025 12:19:03 AM,TipRanks,https://markets.businessinsider.com/news/stocks/top-analyst-sees-another-robust-q3-for-nvidia-raises-nvda-stock-price-target-to-265-1035556177,85,496
11/13/2025 9:16:45 PM,TipRanks,https://markets.businessinsider.com/news/stocks/appaloosa-takes-new-stake-in-amd-exits-positions-in-intel-and-oracle-1035558286,69,863
11/13/2025 7:05:37 PM,TipRanks,https://markets.businessinsider.com/news/stocks/ai-daily-cisco-jumps-as-ai-fueled-demand-drives-earnings-beat-1035558190,62,170
11/13/2025 6:32:21 PM,TipRanks,https://markets.businessinsider.com/news/stocks/coreweave-stock-crwv-falls-8-after-the-verge-calls-it-the-heart-of-the-ai-bubble-1035558166,85,340
11/13/2025 5:34:21 PM,TipRanks,https://markets.businessinsider.com/news/stocks/morning-news-wrap-up-thursday-s-biggest-stock-market-stories-1035558110,62,189
